,words,sentence #,tag
0,BRIDGESTONE,0,O
1,BRAND,0,O
2,TIRE(S),0,GoodsDescription
3,AND,0,GoodsDescription
4,O-RING(S),0,GoodsDescription
5,AS,0,O
6,PER,0,O
7,SALES,0,O
8,CONTRACT,0,O
9,NO8ACA021X,0,O
10,AS,0,O
11,PER,0,O
12,SALES,0,O
13,CONTRACT,0,O
14,DATED,0,O
15,<QUANTITY>,0,O
16,DECEMBER,0,O
17,<QUANTITY>,0,O
18,NO8ACA021X,0,O
19,CIF,0,Incoterms
20,XINGANG,0,Incoterms
21,CHINA,0,Incoterms
22,INCOTERMS-201,0,O
23,BRIDGESTONE,1,O
24,BRAND,1,O
25,TIRE(S),1,GoodsDescription
26,AND,1,GoodsDescription
27,O-RING(S),1,GoodsDescription
28,AS,1,O
29,PER,1,O
30,SALES,1,O
31,CONTRACT,1,O
32,NO8ACA021X,1,O
33,DATED,1,O
34,<QUANTITY>,1,O
35,DECEMBER,1,O
36,<QUANTITY>,1,O
37,CIF,1,Incoterms
38,XINGANG,1,Incoterms
39,CHINA,1,Incoterms
40,INCOTERMS-201,1,O
41,BRIDGESTONE,2,O
42,BRAND,2,O
43,TIRE(S),2,GoodsDescription
44,AND,2,GoodsDescription
45,O-RING(S).,2,O
46,AS,2,O
47,PER,2,O
48,SALES,2,O
49,CONTRACT,2,O
50,NO8ACA021X,2,O
51,DATED,2,O
52,<QUANTITY>,2,O
53,DECEMBER,2,O
54,<QUANTITY>,2,O
55,CIF,2,Incoterms
56,XINGANG,2,Incoterms
57,CHINA,2,Incoterms
58,INCOTERMS-201,2,O
59,LEATHER,3,GoodsDescription
60,MEN,3,GoodsDescription
61,S,3,GoodsDescription
62,AND/OR,3,GoodsDescription
63,LEATHER,3,GoodsDescription
64,LADIES,3,GoodsDescription
65,GARMENTS,3,GoodsDescription
66,UNDER,3,O
67,SUPPLY,3,O
68,CONTRACT,3,O
69,NO126223/2009,3,O
70,DO04,3,O
71,JUNE,3,O
72,<INCOTERMS>,3,O
73,FCA,3,Incoterms
74,KARACHI,3,Incoterms
75,PAKISTAN,3,Incoterms
76,AND/OR,3,GoodsDescription
77,FOB,3,Incoterms
78,KARACHI,3,Incoterms
79,PAKISTAN,3,Incoterms
80,INCOTERMS,3,O
81,<QUANTITY>,3,O
82,LEATHER,4,GoodsDescription
83,MEN,4,GoodsDescription
84,S,4,Incoterms
85,AND/OR,4,GoodsDescription
86,LEATHER,4,GoodsDescription
87,LADIES,4,GoodsDescription
88,GARMENTS,4,GoodsDescription
89,UNDER,4,O
90,SUPPLY,4,O
91,CONTRACT,4,O
92,NO126223/2009,4,O
93,DO04,4,O
94,JUNE,4,O
95,<INCOTERMS>,4,O
96,FCA,4,Incoterms
97,KARACHI,4,Incoterms
98,PAKISTAN,4,Incoterms
99,AND/OR,4,GoodsDescription
100,FOB,4,Incoterms
101,KARACHI,4,Incoterms
102,PAKISTAN,4,Incoterms
103,INCOTERMS,4,O
104,<QUANTITY>,4,O
105,QUANTITY,5,O
106,<QUANTITY>,5,Quantity
107,M(+/-10,5,O
108,O/O),5,O
109,DESCRIPTION,5,O
110,POLIESTER,5,GoodsDescription
111,SATIN,5,GoodsDescription
112,FABRIC,5,GoodsDescription
113,CODE,5,O
114,<QUANTITY>,5,O
115,GREY,5,O
116,A7,5,O
117,GRADE,5,O
118,PO,5,GoodsDescription
119,N07929/10,5,O
120,CIF,5,Incoterms
121,INCOTERMS,5,O
122,<QUANTITY>,5,O
123,QUANTITY,6,O
124,<QUANTITY>,6,Quantity
125,M(+/-10,6,O
126,O/O),6,O
127,DESCRIPTION,6,O
128,POLIESTER,6,GoodsDescription
129,SATIN,6,GoodsDescription
130,FABRIC,6,GoodsDescription
131,CODE,6,O
132,<QUANTITY>,6,O
133,GREY,6,O
134,A7,6,O
135,GRADE,6,O
136,PO,6,GoodsDescription
137,N07929/10,6,O
138,CIF,6,Incoterms
139,INCOTERMS,6,O
140,<QUANTITY>,6,O
141,TOYS,7,GoodsDescription
142,AS,7,O
143,PER,7,O
144,PROFORMA,7,O
145,INVOICE,7,O
146,NO,7,O
147,TSO1801008,7,O
148,ACCORDING,7,O
149,TO,7,GoodsDescription
150,CONTRACT,7,O
151,<INCOTERMS>,7,O
152,TOYS,8,GoodsDescription
153,AS,8,O
154,PER,8,O
155,PROFORMA,8,O
156,INVOICE,8,O
157,NO,8,O
158,TSO1801008,8,O
159,ACCORDING,8,O
160,TO,8,GoodsDescription
161,CONTRACT,8,O
162,<INCOTERMS>,8,O
163,<QUANTITY>,9,Quantity
164,Boxes,9,Quantity
165,of,9,O
166,Tennis,9,GoodsDescription
167,Sneakers,9,GoodsDescription
168,marked,9,O
169,Djoko,9,O
170,<QUANTITY>,9,Quantity
171,COPPER,10,GoodsDescription
172,CLAD,10,GoodsDescription
173,LAMINATE,10,GoodsDescription
174,AS,10,O
175,PER,10,GoodsDescription
176,PROFORMA,10,O
177,INVOICE,10,O
178,NK201801012,10,O
179,DD,10,O
180,<INCOTERMS>,10,O
181,DELIVERY,10,O
182,TERMS,10,O
183,CFR,10,Incoterms
184,SOUSSE,10,Incoterms
185,PORT,10,Incoterms
186,MULTIPURPOSE,11,GoodsDescription
187,CLOTH,11,GoodsDescription
188,<INCOTERMS>,11,O
189,<QUANTITY>,11,O
190,PINK,11,O
191,<QUANTITY>,11,O
192,<INCOTERMS>,11,O
193,PRICE,11,O
194,EUR8,11,O
195,<QUANTITY>,11,O
196,<QUANTITY>,11,O
197,YELLOW,11,GoodsDescription
198,<QUANTITY>,11,O
199,<INCOTERMS>,11,O
200,PRICE,11,O
201,EUR8,11,O
202,<QUANTITY>,11,O
203,<QUANTITY>,11,O
204,GREEN,11,O
205,<QUANTITY>,11,O
206,<INCOTERMS>,11,O
207,PRICE,11,O
208,EUR8,11,O
209,<QUANTITY>,11,O
210,FREIGHT,11,O
211,COST,11,O
212,CHARGE,11,O
213,<INCOTERMS>,11,O
214,EX,11,O
215,WORKS,11,O
216,PRICE,11,O
217,EUR1,11,O
218,<QUANTITY>,11,O
219,TOTAL,11,O
220,AMOUNT,11,O
221,EUR26,11,O
222,<QUANTITY>,11,O
223,ORIGIN,11,O
224,GERMANY,11,GoodsOrigin
225,CFR,11,Incoterms
226,BUSAN,11,Incoterms
227,PRODUCT,12,O
228,HYDROUS,12,GoodsDescription
229,ETHANOL,12,GoodsDescription
230,QUANTITY,12,O
231,2,12,Quantity
232,<QUANTITY>,12,Quantity
233,METRIC,12,Quantity
234,TONS,12,Quantity
235,/5,12,Tolerance
236,PCT,12,Tolerance
237,PRICE,12,O
238,USD,12,UnitPriceAmount
239,<INCOTERMS>,12,UnitPriceAmount
240,DELIVERY,12,O
241,TERMS,12,O
242,FOB,12,Incoterms
243,KARACHI,12,Incoterms
244,PAKISTAN,12,GoodsOrigin
245,COUNTRY,12,O
246,OF,12,O
247,ORIGIN,12,O
248,PAKISTAN,12,GoodsOrigin
249,LOADPORT,12,O
250,KARACHI,12,Incoterms
251,PAKISTAN,12,GoodsOrigin
252,DISCHARGE,12,O
253,PORT,12,O
254,JUBAIL,12,O
255,<QUANTITY>,12,UnitPriceAmount
256,LATEST,12,O
257,SHIPMENT,12,O
258,DATE,12,O
259,APRIL,12,O
260,<QUANTITY>,12,O
261,<QUANTITY>,12,O
262,COMMODITY,13,GoodsDescription
263,CUMENE,13,GoodsDescription
264,QUANTITY,13,O
265,<INCOTERMS>,13,Quantity
266,PRICE,13,O
267,TERM,13,O
268,USD1,13,UnitPriceAmount
269,<INCOTERMS>,13,UnitPriceAmount
270,CFR,13,Incoterms
271,SHANGHAI,13,Incoterms
272,ORIGIN,13,O
273,JAPAN,13,GoodsOrigin
274,PACKING,13,O
275,IN,13,O
276,BULK,13,O
277,FOB,14,Incoterms
278,DJIBOUTI,14,Incoterms
279,/,14,UnitPriceAmount
280,ETHIOPIA,14,Incoterms
281,PORT,14,Incoterms
282,QTY,14,O
283,<QUANTITY>,14,Quantity
284,MT,14,Quantity
285,(15,14,O
286,X,14,O
287,<QUANTITY>,14,O
288,FT,14,O
289,CONTAINERS,14,O
290,EACH,14,O
291,IS,14,O
292,STUFFED,14,O
293,WITH,14,O
294,<INCOTERMS>,14,O
295,BOLD,14,GoodsDescription
296,DESI,14,GoodsDescription
297,CHICK,14,GoodsDescription
298,PEAS,14,GoodsDescription
299,NEW,14,O
300,CROP,14,O
301,<INCOTERMS>,14,O
302,PURITY,14,O
303,<QUANTITY>,14,O
304,PERCENT,14,O
305,SHAWA,14,O
306,TYPE,14,O
307,MACHINES,14,O
308,CLEANED,14,O
309,TOTAL,14,O
310,DEFECTS,14,O
311,MAX,14,O
312,<QUANTITY>,14,O
313,PCT,14,O
314,AND,14,O
315,MAX,14,O
316,2,14,O
317,PCT,14,O
318,BLACK,14,GoodsDescription
319,PACKED,14,O
320,IN,14,O
321,<INCOTERMS>,14,O
322,PP,14,O
323,WOOVEN,14,O
324,BAGS,14,O
325,AT,14,O
326,USD,14,UnitPriceAmount
327,<QUANTITY>,14,UnitPriceAmount
328,PER,14,UnitPriceAmount
329,M/TO8,14,UnitPriceAmount
330,AS,14,GoodsDescription
331,PER,14,UnitPriceAmount
332,BENEFICIARY,14,O
333,S,14,UnitPriceAmount
334,SALES,14,O
335,CONTRACT,14,O
336,N8,14,O
337,1,14,O
338,FNTTP/007/2019,14,O
339,DATED,14,O
340,<QUANTITY>,14,O
341,GARMENTS,15,GoodsDescription
342,AND/OR,15,GoodsDescription
343,ACCESSORIES,15,GoodsDescription
344,(VESTUARIO,15,O
345,E/OU,15,O
346,ACESSORIOS),15,O
347,INCOTERMS,15,O
348,<QUANTITY>,15,O
349,FOB,15,Incoterms
350,PORT,15,Incoterms
351,SHANGHAI,15,Incoterms
352,YANTIAN,15,Incoterms
353,XIAMEN,15,Incoterms
354,OR,15,Incoterms
355,QINGDAO,15,Incoterms
356,AND,15,GoodsDescription
357,MUST,15,O
358,BE,15,O
359,THE,15,O
360,SAME,15,O
361,THAT,15,O
362,WAS,15,O
363,INFORMED,15,O
364,AS,15,O
365,PER,15,O
366,PROFORMAS,15,O
367,<INCOTERMS>,15,O
368,<INCOTERMS>,15,O
369,TELECOMMUNICATION,16,GoodsDescription
370,EQUIPMENT,16,GoodsDescription
371,AS,16,Incoterms
372,PER,16,O
373,PROFORMA,16,O
374,INVOICES,16,O
375,<INCOTERMS>,16,O
376,<INCOTERMS>,16,O
377,<QUANTITY>,16,O
378,IN,16,GoodsOrigin
379,CASE,16,O
380,OF,16,O
381,SHIPMENT,16,O
382,BY,16,O
383,SEA,16,O
384,VALUE,16,O
385,FCA,16,Incoterms
386,ROTTERDAM,16,Incoterms
387,FULL,16,Incoterms
388,JAS,16,Incoterms
389,ROT,16,Incoterms
390,WAREHOUSE,16,Incoterms
391,THE,16,Incoterms
392,NETHERLAND2,16,O
393,INCOTERMS,16,O
394,<QUANTITY>,16,O
395,IN,16,GoodsOrigin
396,CASE,16,O
397,OF,16,O
398,SHIPMENT,16,O
399,BY,16,O
400,AIR,16,Incoterms
401,VALUE,16,O
402,FCA,16,Incoterms
403,ANY,16,Incoterms
404,AIRPORT,16,Incoterms
405,IN,16,GoodsOrigin
406,AMSTERDAM,16,Incoterms
407,THE,16,Incoterms
408,NETHERLANDS,16,Incoterms
409,INCOTERMS,16,O
410,<QUANTITY>,16,O
411,GOODS,16,O
412,ORIGIN,16,O
413,CHINA,16,GoodsOrigin
414,(PLUS,17,O
415,OR,17,Tolerance
416,MINUS,17,Tolerance
417,5,17,Quantity
418,PCT),17,O
419,<QUANTITY>,17,Quantity
420,MT,17,Quantity
421,OF,17,O
422,DEFORMED,17,GoodsDescription
423,STEEL,17,GoodsDescription
424,BARS,17,GoodsDescription
425,ACC,17,O
426,TO,17,O
427,QUALITY,17,O
428,IS,17,Incoterms
429,<QUANTITY>,17,O
430,<INCOTERMS>,17,O
431,AT,17,O
432,USD,17,UnitPriceAmount
433,<INCOTERMS>,17,UnitPriceAmount
434,PER,17,UnitPriceAmount
435,MC,17,UnitPriceAmount
436,(PLUS,17,O
437,OR,17,Tolerance
438,MINUS,17,Tolerance
439,5,17,Quantity
440,PCT),17,O
441,<QUANTITY>,17,Quantity
442,MT,17,Quantity
443,OF,17,O
444,HOT,17,GoodsDescription
445,ROLLED,17,GoodsDescription
446,MESH,17,GoodsDescription
447,MAKING,17,GoodsDescription
448,WIRE,17,GoodsDescription
449,RODS,17,GoodsDescription
450,IN,17,GoodsDescription
451,COILS,17,O
452,AT,17,O
453,USD,17,UnitPriceAmount
454,<INCOTERMS>,17,UnitPriceAmount
455,PER,17,UnitPriceAmount
456,MC,17,UnitPriceAmount
457,ABOVE,17,O
458,GOODS,17,O
459,ARE,17,O
460,AS,17,Incoterms
461,PER,17,UnitPriceAmount
462,PROFORMA,17,O
463,INVOICE,17,O
464,NCD173,17,O
465,AND,17,O
466,W9C,17,O
467,COMMERCIAL,17,O
468,TERMS,17,O
469,CFR,17,Incoterms
470,LO,17,Incoterms
471,ASHDOD,17,Incoterms
472,SEAPORT-ISRAEL,17,Incoterms
473,INCOTERMS,17,O
474,<QUANTITY>,17,O
475,.,17,O
476,/ADD/,18,O
477,Packed,18,O
478,in,18,O
479,wooden,18,O
480,crates,18,O
481,DESCRIPTION,19,O
482,OF,19,O
483,GOODS,19,O
484,COMMODITY,19,GoodsDescription
485,VCM,19,GoodsDescription
486,QUANTITY,19,O
487,4,19,Quantity
488,<INCOTERMS>,19,Quantity
489,PLUS/MINUS,19,Tolerance
490,5,19,Tolerance
491,PERCENT,19,Tolerance
492,QUALITY,19,O
493,IN,19,GoodsOrigin
494,ACCORDANCE,19,O
495,WITH,19,O
496,SP,19,O
497,CHEMICALS,19,O
498,(TAIXIN),19,O
499,CO,19,GoodsDescription
500,LTD,19,O
501,GUARANTEED,19,O
502,SPECIFICATIONS,19,O
503,PRICE,19,O
504,USD,19,UnitPriceAmount
505,<INCOTERMS>,19,UnitPriceAmount
506,PER,19,UnitPriceAmount
507,MT,19,UnitPriceAmount
508,DELIVERY,19,O
509,TERMS,19,O
510,FOB,19,Incoterms
511,TAIXING,19,Incoterms
512,CHINA,19,GoodsOrigin
513,ORIGIN,19,O
514,CHINA,19,GoodsOrigin
515,<QUANTITY>,20,Quantity
516,<QUANTITY>,20,Quantity
517,METRIC,20,Quantity
518,TONS,20,Quantity
519,PLUS,20,Tolerance
520,OR,20,Tolerance
521,MINUS,20,Tolerance
522,TEN,20,Tolerance
523,PCT,20,Tolerance
524,OF,20,O
525,RUSSIAN,20,GoodsOrigin
526,EXPORT,20,GoodsDescription
527,BLEND,20,GoodsDescription
528,CRUDE,20,GoodsDescription
529,OIL,20,GoodsDescription
530,(REBCO),20,O
531,IN,20,Tolerance
532,ACCORDANCE,20,O
533,WITH,20,O
534,THE,20,O
535,CONTRACT,20,O
536,NO,20,O
537,4,20,O
538,<INCOTERMS>,20,O
539,DO,20,O
540,<INCOTERMS>,20,O
541,TERMS,20,O
542,OF,20,O
543,DELIVERY,20,O
544,FOB,20,Incoterms
545,PRIMORSK,20,Incoterms
546,AS,20,O
547,PER,20,O
548,INCOTERMS,20,O
549,<QUANTITY>,20,O
550,THE,20,O
551,GOODS,20,O
552,MUST,20,O
553,BE,20,O
554,LOADED,20,O
555,ON,20,Quantity
556,BOARD,20,O
557,THE,20,O
558,VESSEL,20,O
559,MT,20,O
560,MONTEGO/SUB,20,O
561,PRICE,20,O
562,FINAL,20,O
563,PRICE,20,O
564,INDICATED,20,O
565,IN,20,Tolerance
566,THE,20,O
567,INVOICE,20,O
568,TO,20,Quantity
569,BE,20,O
570,CALCULATED,20,O
571,IN,20,Tolerance
572,ACCORDANCE,20,O
573,WITH,20,O
574,APPENDIX,20,O
575,2,20,Quantity
576,TO,20,Quantity
577,THE,20,O
578,CONTRACT,20,O
579,4,20,O
580,<INCOTERMS>,20,O
581,DO,20,O
582,<INCOTERMS>,20,O
583,(FOB,20,O
584,PRIMORSK,20,Incoterms
585,PRICE,20,O
586,FORMULA),20,O
587,<QUANTITY>,21,Quantity
588,<QUANTITY>,21,UnitPriceAmount
589,MTS,21,Quantity
590,MIN,21,O
591,/,21,O
592,MAX,21,O
593,RAW,21,GoodsDescription
594,CANE,21,GoodsDescription
595,SUGAR,21,GoodsDescription
596,OF,21,O
597,FAIR,21,O
598,AVERAGE,21,O
599,QUALITY,21,O
600,UNIT,21,O
601,PRICE,21,O
602,USD,21,UnitPriceAmount
603,<QUANTITY>,21,UnitPriceAmount
604,PER,21,UnitPriceAmount
605,MT,21,UnitPriceAmount
606,BASIS,21,O
607,<QUANTITY>,21,O
608,DEGREES,21,O
609,POLARISATION,21,O
610,NET,21,O
611,SHIPPING,21,O
612,WEIGHTS,21,O
613,FOB,21,Incoterms
614,SANTOS,21,Incoterms
615,PORT,21,Incoterms
616,NO,22,O
617,1,22,O
618,GUATEMALAN,22,GoodsDescription
619,CANE,22,GoodsDescription
620,RAW,22,GoodsDescription
621,SUGAR,22,GoodsDescription
622,IN,22,O
623,BULK,22,O
624,AVERAGE,22,O
625,POLARIZATION,22,O
626,MINIMUM,22,O
627,<INCOTERMS>,22,O
628,DEGREES/MAXIMUM,22,O
629,<INCOTERMS>,22,O
630,DEGREES,22,O
631,WET,22,O
632,BASIS,22,O
633,AT,22,GoodsDescription
634,TIME,22,O
635,OF,22,O
636,A,22,GoodsOrigin
637,RRIVAL,22,O
638,AT,22,GoodsDescription
639,DESTINATION,22,O
640,<QUANTITY>,22,O
641,<INCOTERMS>,22,O
642,X,22,O
643,<INCOTERMS>,22,O
644,USD8,22,O
645,<QUANTITY>,22,O
646,<INCOTERMS>,22,O
647,ORIGIN,22,O
648,AUSTRALIA,22,GoodsOrigin
649,CFR,22,Incoterms
650,ULSAN,22,Incoterms
651,KOREA,22,Incoterms
652,ELECTROLYTIC,23,GoodsDescription
653,COPPER,23,GoodsDescription
654,CATHODESDELIVERY,23,O
655,TERM,23,O
656,CIF,23,Incoterms
657,FO,23,Incoterms
658,NEMRUT,23,Incoterms
659,BAY,23,Incoterms
660,ALIAGA,23,Incoterms
661,TURKEY,23,Incoterms
662,INCOTERMS,23,O
663,<QUANTITY>,23,O
664,QUANTITY,24,O
665,<QUANTITY>,24,Quantity
666,<INCOTERMS>,24,Quantity
667,TONS,24,Quantity
668,UP,24,O
669,TO,24,UnitPriceAmount
670,<QUANTITY>,24,Tolerance
671,PCT,24,Tolerance
672,PLUS,24,Tolerance
673,OR,24,Tolerance
674,MINUS,24,Tolerance
675,OF,24,O
676,FUEL,24,GoodsDescription
677,OIL,24,GoodsDescription
678,<INCOTERMS>,24,O
679,SULPHUR,24,O
680,O,24,GoodsDescription
681,BE,24,O
682,DELIVERED,24,O
683,CIF,24,Incoterms
684,(COST,24,O
685,NSURANCE,24,O
686,REIGHT),24,O
687,ONE,24,O
688,OR,24,Tolerance
689,TWO,24,O
690,SAFE,24,O
691,PORT(S)/,24,O
692,ONE,24,O
693,OR,24,Tolerance
694,TWO,24,O
695,SAFE,24,O
696,BERTH(S),24,O
697,LEBANON,24,O
698,FROM,24,O
699,ANY,24,O
700,BLACK,24,GoodsDescription
701,SEA,24,O
702,AND/OR,24,O
703,EUROPEAN,24,O
704,AND/OR,24,O
705,AMERICAN,24,GoodsOrigin
706,AND/OR,24,O
707,ARAB,24,O
708,COUNTRY,24,O
709,AND/OR,24,O
710,ARAB,24,O
711,GULF,24,O
712,AND/OR,24,O
713,INDIA,24,O
714,AND/OR,24,O
715,FAR,24,O
716,EAST,24,O
717,AND/OR,24,O
718,TURKISH,24,O
719,PORT(S)LOADED,24,O
720,ON,24,UnitPriceAmount
721,BOARD,24,O
722,MT,24,O
723,ARIANE,24,O
724,OR,24,Tolerance
725,SUBSTITUT0,24,O
726,THE,24,O
727,PRICE,24,O
728,IN,24,UnitPriceAmount
729,USD,24,UnitPriceAmount
730,PER,24,UnitPriceAmount
731,METRIC,24,UnitPriceAmount
732,TON,24,UnitPriceAmount
733,CIF,24,Incoterms
734,ONE,24,O
735,OR,24,Tolerance
736,TWO,24,O
737,PORT(S)/,24,O
738,BERTH(S),24,O
739,LEBANON,24,O
740,ASED,24,O
741,ON,24,UnitPriceAmount
742,B/L,24,O
743,QUANTITY,24,O
744,ILL,24,O
745,BE,24,O
746,EQUAL,24,O
747,TO,24,UnitPriceAmount
748,THE,24,O
749,AVERAGE,24,O
750,OF,24,O
751,THE,24,O
752,HIGH,24,O
753,AND,24,UnitPriceAmount
754,LOW,24,O
755,QUOTATIONS,24,O
756,AS,24,O
757,PUBLISHED,24,O
758,IN,24,UnitPriceAmount
759,PLATTS,24,O
760,EUROPEAN,24,O
761,MARKETSCAN,24,O
762,UNDER,24,O
763,THE,24,O
764,HEADING,24,O
765,CIF,24,Incoterms
766,MED,24,O
767,BASIS,24,O
768,GENOVA/LAVERA,24,O
769,FOR,24,O
770,FUEL,24,GoodsDescription
771,<QUANTITY>,24,Quantity
772,PCT,24,Tolerance
773,PLUS,24,Tolerance
774,A,24,GoodsDescription
775,PREMIUM,24,O
776,AS,24,O
777,FOLLOWS,24,O
778,USD,24,UnitPriceAmount
779,<QUANTITY>,24,UnitPriceAmount
780,PER,24,UnitPriceAmount
781,METRIC,24,UnitPriceAmount
782,TON(US,24,O
783,DOLLARS,24,UnitPriceAmount
784,TWENTY,24,UnitPriceAmount
785,NINE,24,UnitPriceAmount
786,AND,24,UnitPriceAmount
787,FIFTY,24,UnitPriceAmount
788,CENTS,24,UnitPriceAmount
789,PER,24,UnitPriceAmount
790,METRIC,24,UnitPriceAmount
791,TON).,24,O
792,THE,24,O
793,QUOTATIONS,24,O
794,TO,24,UnitPriceAmount
795,BE,24,O
796,TAKEN,24,O
797,INTO,24,O
798,CONSIDERATION,24,O
799,WILL,24,O
800,BE,24,O
801,ALL,24,O
802,EFFECTIVE,24,O
803,AND,24,UnitPriceAmount
804,VALID,24,O
805,QUOTATIONS,24,O
806,APPLICABLE,24,O
807,FOR,24,O
808,THE,24,O
809,MONTH,24,O
810,IN,24,UnitPriceAmount
811,WHICH,24,O
812,THE,24,O
813,BILL,24,O
814,OF,24,O
815,LADING,24,O
816,OF,24,O
817,THE,24,O
818,CARGO(ES),24,O
819,FALL(S).,24,O
820,IN,24,UnitPriceAmount
821,CASE,24,O
822,OF,24,O
823,TWO,24,O
824,PORTS/BERTHS,24,O
825,DISCHARGE,24,O
826,IN,24,UnitPriceAmount
827,LEBANON,24,O
828,THE,24,O
829,FINAL,24,O
830,PRICE,24,O
831,OF,24,O
832,THE,24,O
833,CARGO,24,O
834,WILL,24,O
835,BE,24,O
836,INCREASED,24,O
837,BY,24,O
838,USD,24,UnitPriceAmount
839,<QUANTITY>,24,O
840,PMT,24,O
841,(US,24,O
842,DOLLAR,24,UnitPriceAmount
843,ONE,24,O
844,PER,24,UnitPriceAmount
845,METRIC,24,UnitPriceAmount
846,TON)HE,24,O
847,FINAL,24,O
848,UNIT,24,O
849,PRICE,24,O
850,IS,24,O
851,TO,24,UnitPriceAmount
852,BE,24,O
853,CALCULATED,24,O
854,UP,24,O
855,TO,24,UnitPriceAmount
856,4,24,O
857,DECIMAL,24,O
858,PLACE0IF,24,O
859,THE,24,O
860,<INCOTERMS>,24,O
861,DECIMAL,24,O
862,DIGIT,24,O
863,IS,24,O
864,LESS,24,O
865,THAN,24,O
866,5,24,UnitPriceAmount
867,IT,24,O
868,IS,24,O
869,TO,24,UnitPriceAmount
870,BE,24,O
871,DISREGARDED,24,O
872,IF,24,Incoterms
873,IT,24,O
874,IS,24,O
875,GREATER,24,O
876,THAN,24,O
877,OR,24,Tolerance
878,EQUAL,24,O
879,TO,24,UnitPriceAmount
880,5,24,UnitPriceAmount
881,HE,24,O
882,<INCOTERMS>,24,O
883,DECIMAL,24,O
884,DIGIT,24,O
885,IS,24,O
886,INCREASED,24,O
887,BY,24,O
888,ONE,24,O
889,<INCOTERMS>,25,Quantity
890,TOLUENE,25,GoodsDescription
891,AT,25,O
892,THE,25,O
893,RATE,25,O
894,OF,25,O
895,USD,25,UnitPriceAmount
896,<QUANTITY>,25,UnitPriceAmount
897,PER,25,UnitPriceAmount
898,MT,25,UnitPriceAmount
899,CIF,25,Incoterms
900,KANDLA,25,Incoterms
901,AS,25,O
902,PER,25,UnitPriceAmount
903,CONTRACT,25,O
904,N11214TS00010,25,O
905,2,25,Quantity
906,DATED,25,O
907,<QUANTITY>,25,O
908,ISSUED,25,O
909,BY,25,O
910,M/S,25,O
911,KOLMAR,25,O
912,GROUP,25,O
913,AGMETALLI,25,O
914,AARERSTRASSE,25,O
915,<QUANTITY>,25,O
916,<QUANTITY>,25,O
917,UG,25,O
918,WITZERLAND,25,O
919,RUSSIAN,26,GoodsOrigin
920,MILLING,26,GoodsDescription
921,WHEAT,26,GoodsDescription
922,IN,26,GoodsDescription
923,BULK,26,O
924,QUANTITY,26,O
925,<QUANTITY>,26,Quantity
926,MT,26,UnitPriceAmount
927,UNIT,26,O
928,PRICE,26,O
929,USD,26,UnitPriceAmount
930,<QUANTITY>,26,UnitPriceAmount
931,<INCOTERMS>,26,UnitPriceAmount
932,AS,26,O
933,PER,26,O
934,PROFORMA,26,O
935,INVOICE,26,O
936,NO,26,O
937,<QUANTITY>,26,O
938,DATED,26,O
939,<QUANTITY>,26,O
940,CIF,26,Incoterms
941,ANY,26,Incoterms
942,PORT,26,Incoterms
943,IN,26,GoodsDescription
944,MARMARA,26,Incoterms
945,REGION,26,Incoterms
946,TURKEY,26,Incoterms
947,(AC3,26,O
948,TO,26,O
949,INCOTERMS,26,O
950,<QUANTITY>,26,O
951,EX-BONDED,27,Incoterms
952,WAREHOUSE,27,Incoterms
953,KAOHSIUNG,27,Incoterms
954,PRIMARY,27,GoodsDescription
955,UNALLOYED,27,GoodsDescription
956,ALUMINIUM,27,GoodsDescription
957,INGOTS,27,GoodsDescription
958,<QUANTITY>,27,O
959,PCT,27,O
960,AL,27,GoodsDescription
961,MI9,27,O
962,<QUANTITY>,27,Quantity
963,MTS,27,Quantity
964,USD2,27,UnitPriceAmount
965,<INCOTERMS>,27,UnitPriceAmount
966,<QUANTITY>,28,Quantity
967,WMT,28,Quantity
968,(PLUS,28,O
969,OR,28,Tolerance
970,MINUS,28,Tolerance
971,<QUANTITY>,28,Tolerance
972,PCT),28,O
973,OF,28,O
974,LEAD,28,GoodsDescription
975,CONCENTRATES,28,GoodsDescription
976,AS,28,O
977,PER,28,O
978,BENEFICIARY,28,O
979,S,28,Tolerance
980,SALES,28,O
981,CONTRACT,28,O
982,N0,28,O
983,RMS,28,O
984,1,28,Tolerance
985,<INCOTERMS>,28,O
986,DATED,28,O
987,3,28,O
988,DEC-2010,28,O
989,INCOTERMS,28,O
990,<INCOTERMS>,28,O
991,MUNDRA,28,Incoterms
992,PORT,28,Incoterms
993,INDIA),28,O
994,PRODUCT,29,O
995,HYDROUS,29,GoodsDescription
996,ETHANOL,29,GoodsDescription
997,QUANTITY,29,O
998,2,29,Quantity
999,<QUANTITY>,29,Quantity
1000,METRIC,29,Quantity
1001,TONS,29,Quantity
1002,/,29,UnitPriceAmount
1003,-5,29,Tolerance
1004,PCT,29,Tolerance
1005,PRICE,29,O
1006,USD,29,UnitPriceAmount
1007,<INCOTERMS>,29,O
1008,TERMS,29,O
1009,FOB,29,Incoterms
1010,KARACHI,29,Incoterms
1011,PAKISTANCOUNTRY,29,O
1012,OF,29,O
1013,ORIGIN,29,O
1014,PAKISTAN,29,GoodsOrigin
1015,LOADPORT,29,O
1016,KARACHI,29,Incoterms
1017,PAKISTANDISCHARGE,29,O
1018,PORT,29,O
1019,JUBAIL,29,O
1020,<QUANTITY>,29,Quantity
1021,LATEST,29,O
1022,SHIPMENT,29,O
1023,DATE,29,O
1024,APRIL,29,O
1025,<QUANTITY>,29,O
1026,<QUANTITY>,29,O
1027,DESCRIPTION,30,O
1028,OF,30,O
1029,GOODS,30,O
1030,COMMODITY,30,GoodsDescription
1031,VCM,30,GoodsDescription
1032,QUANTITY,30,O
1033,4,30,Quantity
1034,<INCOTERMS>,30,Quantity
1035,PLUS/MINUS,30,Tolerance
1036,5,30,Tolerance
1037,PERCENT,30,Tolerance
1038,QUALITY,30,O
1039,IN,30,Tolerance
1040,ACCORDANCE,30,O
1041,WITH,30,O
1042,SP,30,O
1043,CHEMICALS,30,O
1044,(TAIXIN),30,O
1045,CO,30,GoodsDescription
1046,LTD,30,O
1047,GUARANTEED,30,O
1048,SPECIFICATIONS,30,O
1049,PRICE,30,O
1050,USD,30,UnitPriceAmount
1051,<INCOTERMS>,30,UnitPriceAmount
1052,PER,30,Tolerance
1053,MT,30,UnitPriceAmount
1054,DELIVERY,30,O
1055,TERMS,30,O
1056,FOB,30,Incoterms
1057,TAIXING,30,Incoterms
1058,CHINA,30,Incoterms
1059,ORIGIN,30,O
1060,CHINA,30,Incoterms
1061,DDS,31,O
1062,MOBILE,31,GoodsDescription
1063,CHARGNING,31,GoodsDescription
1064,MACHINE,31,GoodsDescription
1065,SPARE,31,GoodsDescription
1066,PARTS,31,GoodsDescription
1067,QUANTITY,31,O
1068,<QUANTITY>,31,Quantity
1069,PCS,31,Quantity
1070,TOTAL,31,O
1071,AMOUNT,31,O
1072,EUR,31,O
1073,<QUANTITY>,31,O
1074,5,31,O
1075,AS,31,O
1076,PER,31,O
1077,PROFORMA,31,O
1078,INVOICE,31,O
1079,NO,31,O
1080,<QUANTITY>,31,O
1081,DATED,31,O
1082,<DATE>,31,O
1083,EXW,31,Incoterms
1084,ANY,31,Incoterms
1085,PLACE,31,Incoterms
1086,IN,31,GoodsDescription
1087,GERMANY,31,Incoterms
1088,INCOTERMS,31,O
1089,<QUANTITY>,31,O
1090,+,32,Tolerance
1091,COMMODITY,32,O
1092,MAKROLON,32,O
1093,<QUANTITY>,32,O
1094,<QUANTITY>,32,O
1095,(POLYCARBONATE,32,O
1096,RESIN,32,GoodsDescription
1097,WHITE),32,O
1098,+,32,Tolerance
1099,TOTAL,32,O
1100,QUANTITY,32,O
1101,<QUANTITY>,32,Quantity
1102,<QUANTITY>,32,Quantity
1103,KGS,32,Quantity
1104,(+/-5PCT),32,O
1105,+,32,Tolerance
1106,UNIT,32,O
1107,PRICE,32,O
1108,USE223/KG,32,UnitPriceAmount
1109,+,32,Tolerance
1110,TOTAL,32,O
1111,AMOUNT,32,O
1112,USD,32,O
1113,<QUANTITY>,32,O
1114,<INCOTERMS>,32,O
1115,CIF,32,Incoterms
1116,HAIPHONG,32,Incoterms
1117,PORT,32,Incoterms
1118,VIETNAM,32,Incoterms
1119,INCOTERMS,32,O
1120,<QUANTITY>,32,O
1121,+,32,Tolerance
1122,ORIGIN,32,O
1123,THAILAND,32,GoodsOrigin
1124,OR,32,Incoterms
1125,CHINA,32,GoodsOrigin
1126,+,32,Tolerance
1127,PACKING,32,O
1128,<INCOTERMS>,32,O
1129,<INCOTERMS>,32,O
1130,+,32,Tolerance
1131,MARKING,32,O
1132,AS,32,O
1133,PER,32,O
1134,EXPORT,32,O
1135,STANDAR2,32,O
1136,(DETAILS,32,O
1137,AS,32,O
1138,PER,32,O
1139,CONTRACT,32,O
1140,N2,32,O
1141,PCS/XLT/1461,32,O
1142,TH,32,GoodsOrigin
1143,DATED,32,O
1144,NOV,32,O
1145,<INCOTERMS>,32,O
1146,<QUANTITY>,32,O
1147,<QUANTITY>,33,Quantity
1148,Wooden,33,Quantity
1149,Crates,33,Quantity
1150,filled,33,O
1151,with,33,O
1152,Blue,33,GoodsDescription
1153,Cheese,33,GoodsDescription
1154,Bottles,33,GoodsDescription
1155,as,33,O
1156,per,33,O
1157,Letter,33,O
1158,of,33,O
1159,Credit,33,O
1160,No56,33,O
1161,<QUANTITY>,33,O
1162,of,33,O
1163,the,33,O
1164,Apple,33,O
1165,Bank,33,O
1166,Pear,33,O
1167,City,33,O
1168,Branch,33,O
1169,Fruitania,33,O
1170,issued,33,O
1171,on,33,O
1172,1,33,O
1173,0,33,Quantity
1174,<QUANTITY>,33,O
1175,PLAQUES,34,GoodsDescription
1176,GRANITS,34,GoodsDescription
1177,AS,34,O
1178,PER,34,O
1179,PROFORMA,34,O
1180,INVOICE,34,O
1181,NUMBER,34,O
1182,C-396,34,O
1183,DATED,34,O
1184,<INCOTERMS>,34,O
1185,SALES,34,O
1186,CONDITIONS,34,O
1187,EXW,34,Incoterms
1188,SANKARI,34,Incoterms
1189,INDIS,34,Incoterms
1190,GARMENTS,35,GoodsDescription
1191,AND/OR,35,GoodsDescription
1192,ACCESSORIES,35,GoodsDescription
1193,(VESTUARIO,35,O
1194,E/OU,35,O
1195,ACESSORIOS),35,O
1196,INCOTERMS,35,O
1197,<QUANTITY>,35,O
1198,FOB,35,Incoterms
1199,PORT,35,Incoterms
1200,SHANGHAI,35,Incoterms
1201,YANTIAN,35,Incoterms
1202,XIAMEN,35,Incoterms
1203,OR,35,GoodsDescription
1204,QINGDAO,35,Incoterms
1205,AND,35,GoodsDescription
1206,MUST,35,O
1207,BE,35,Incoterms
1208,THE,35,O
1209,SAME,35,O
1210,THAT,35,O
1211,WAS,35,O
1212,INFORMED,35,O
1213,AS,35,O
1214,PER,35,GoodsDescription
1215,PROFORMAS,35,O
1216,<INCOTERMS>,35,O
1217,<INCOTERMS>,35,O
1218,SUPERMARKET,35,GoodsDescription
1219,EQUIPMENTS,35,GoodsDescription
1220,ALL,35,O
1221,OTHER,35,O
1222,DETAILS,35,O
1223,ARE,35,O
1224,AS,35,O
1225,PER,35,GoodsDescription
1226,PROFORMA,35,O
1227,INVOICE,35,O
1228,NOS,35,O
1229,<INCOTERMS>,35,O
1230,DATED,35,O
1231,1,35,O
1232,OCT-2021,35,O
1233,AND,35,GoodsDescription
1234,APPLICANT,35,O
1235,S,35,GoodsDescription
1236,SS,35,GoodsDescription
1237,NOS,35,O
1238,<QUANTITY>,35,O
1239,AND,35,GoodsDescription
1240,<QUANTITY>,35,O
1241,DATED,35,O
1242,2,35,O
1243,OCT-2021,35,O
1244,AND,35,GoodsDescription
1245,3,35,O
1246,OCT-2021,35,O
1247,RESPECTIVELS,35,O
1248,INCOTERMS,35,O
1249,EX-WORKSTREVIOLO,35,Incoterms
1250,BERGAMO,35,Incoterms
1251,ITALY,35,Incoterms
1252,SUPERMARKET,36,GoodsDescription
1253,EQUIPMENTS,36,GoodsDescription
1254,ALL,36,O
1255,OTHER,36,O
1256,DETAILS,36,O
1257,ARE,36,O
1258,AS,36,O
1259,PER,36,GoodsDescription
1260,PROFORMA,36,O
1261,INVOICE,36,O
1262,NOS,36,O
1263,<INCOTERMS>,36,O
1264,DATED,36,O
1265,1,36,O
1266,OCT-2021,36,O
1267,AND,36,O
1268,APPLICANT,36,O
1269,S,36,Incoterms
1270,SS,36,O
1271,NOS,36,O
1272,<QUANTITY>,36,O
1273,AND,36,O
1274,<QUANTITY>,36,O
1275,DATED,36,O
1276,2,36,O
1277,OCT-2021,36,O
1278,AND,36,O
1279,3,36,O
1280,OCT-2021,36,O
1281,RESPECTIVELS,36,O
1282,INCOTERMS,36,O
1283,EX-WORKSTREVIOLO,36,Incoterms
1284,BERGAMO,36,Incoterms
1285,ITALY,36,Incoterms
1286,<QUANTITY>,37,Quantity
1287,<QUANTITY>,37,Quantity
1288,Bottles,37,Quantity
1289,(,37,O
1290,+/-,37,Tolerance
1291,<INCOTERMS>,37,Tolerance
1292,%),37,O
1293,of,37,O
1294,First,37,GoodsDescription
1295,Class,37,GoodsDescription
1296,Technical,37,GoodsDescription
1297,Machinery,37,GoodsDescription
1298,Soda,37,GoodsDescription
1299,packed,37,O
1300,in,37,GoodsDescription
1301,blue,37,O
1302,crates,37,O
1303,labelled,37,O
1304,'Test,37,O
1305,Machine,37,GoodsDescription
1306,London',37,O
1307,Unit,37,O
1308,Price,37,O
1309,Usd,37,UnitPriceAmount
1310,5,37,UnitPriceAmount
1311,0,37,Quantity
1312,DELIVERY,37,O
1313,TERMS;,37,O
1314,CIF,37,Incoterms
1315,TORONTO,37,Incoterms
1316,Origin,37,O
1317,of,37,O
1318,the,37,O
1319,goods,37,O
1320,Germany,37,GoodsOrigin
1321,ARI-FABA,38,O
1322,BELLOW,38,GoodsDescription
1323,SEALED,38,GoodsDescription
1324,VALVES,38,GoodsDescription
1325,FOR,38,O
1326,OLEOHYDRAULIC,38,O
1327,OR,38,Incoterms
1328,PNEUMATIC,38,O
1329,TRANSMISSION,38,O
1330,TYPE,38,O
1331,<INCOTERMS>,38,O
1332,BODY,38,O
1333,MATERIAL,38,O
1334,CAST,38,O
1335,IRON,38,O
1336,GG-25,38,O
1337,STEAM,38,O
1338,SEALING,38,O
1339,STAINLESS,38,O
1340,STEEL,38,O
1341,N4571,38,O
1342,BELOW,38,O
1343,END,38,O
1344,CONNECTIONS,38,O
1345,FLANGED,38,O
1346,TO,38,O
1347,PN,38,O
1348,<QUANTITY>,38,O
1349,DN,38,O
1350,<QUANTITY>,38,O
1351,QTY,38,O
1352,<QUANTITY>,38,Quantity
1353,NOS,38,Quantity
1354,AT,38,O
1355,EUR7N29/NO,38,UnitPriceAmount
1356,DN,38,O
1357,<QUANTITY>,38,O
1358,QTY,38,O
1359,<QUANTITY>,38,Quantity
1360,NOS,38,Quantity
1361,AT,38,O
1362,EUR13N62/NO,38,UnitPriceAmount
1363,DN,38,O
1364,<QUANTITY>,38,Quantity
1365,QTY,38,O
1366,<QUANTITY>,38,Quantity
1367,NOS,38,Quantity
1368,AT,38,O
1369,EUR17N41/NN,38,UnitPriceAmount
1370,CFR,38,Incoterms
1371,CHITTAGONG,38,Incoterms
1372,SEA,38,Incoterms
1373,PORT,38,Incoterms
1374,ANGLADESH,38,Incoterms
1375,ANGLADESHINCOTERMS,38,O
1376,<QUANTITY>,38,O
1377,DESCRIPTION,38,O
1378,UALITY,38,O
1379,QUANTITY,38,O
1380,SPECIFICATION,38,O
1381,PRICE,38,O
1382,OF,38,O
1383,THE,38,O
1384,GOODS,38,O
1385,TO,38,O
1386,BE,38,GoodsDescription
1387,AS,38,O
1388,PER,38,O
1389,PROFORMA,38,O
1390,INVOICE,38,O
1391,NN,38,UnitPriceAmount
1392,NPFM,38,O
1393,<QUANTITY>,38,O
1394,DATED,38,O
1395,<INCOTERMS>,38,O
1396,OF,38,O
1397,THE,38,O
1398,BENEFICIARN,38,O
1399,<QUANTITY>,39,Quantity
1400,PCS,39,Quantity
1401,OF,39,O
1402,WEARING,39,GoodsDescription
1403,APPARELS,39,GoodsDescription
1404,AS,39,Incoterms
1405,PER,39,O
1406,ORDER,39,O
1407,REF,39,O
1408,NF,39,O
1409,HKG08/FW17,39,O
1410,DATED,39,O
1411,<QUANTITY>,39,Incoterms
1412,APR,39,O
1413,<QUANTITY>,39,O
1414,CPT,39,Incoterms
1415,INCOTERMS,39,Incoterms
1416,<QUANTITY>,39,Incoterms
1417,OM,39,Incoterms
1418,LOG,39,Incoterms
1419,ASIA,39,Incoterms
1420,LTD,39,Incoterms
1421,WAREHOUSE,39,Incoterms
1422,HONG,39,Incoterms
1423,KONG,39,Incoterms
1424,FOB,39,Incoterms
1425,INCOTERMS,39,Incoterms
1426,<QUANTITY>,39,Incoterms
1427,SHANGHAI,39,Incoterms
1428,PORT,39,Incoterms
1429,CPT,39,Incoterms
1430,INCOTERMS,39,Incoterms
1431,<QUANTITY>,39,Incoterms
1432,HONG,39,Incoterms
1433,KONG,39,Incoterms
1434,AIRPORT,39,Incoterms
1435,FCA,39,Incoterms
1436,INCOTERMS,39,Incoterms
1437,<QUANTITY>,39,Incoterms
1438,SHANGHAI,39,Incoterms
1439,AIRPORF,39,Incoterms
1440,SHIPMENT,39,O
1441,PERIOD,39,O
1442,A,39,GoodsDescription
1443,FOLLOW,39,O
1444,WITHIN,39,O
1445,<INCOTERMS>,39,O
1446,HONG,39,Incoterms
1447,KONG,39,Incoterms
1448,ORDER,39,O
1449,NF,39,O
1450,<QUANTITY>,39,O
1451,<QUANTITY>,39,O
1452,<QUANTITY>,39,O
1453,<QUANTITY>,39,O
1454,WITHIN,39,O
1455,<INCOTERMS>,39,O
1456,HONG,39,Incoterms
1457,KONG,39,Incoterms
1458,ORDER,39,O
1459,NF,39,O
1460,<QUANTITY>,39,O
1461,<QUANTITY>,39,O
1462,<QUANTITY>,39,O
1463,<QUANTITY>,39,O
1464,WITHIN,39,O
1465,<INCOTERMS>,39,O
1466,HONG,39,Incoterms
1467,KONG,39,Incoterms
1468,ORDER,39,O
1469,NF,39,O
1470,<QUANTITY>,39,O
1471,WITHIN,39,O
1472,<INCOTERMS>,39,O
1473,HONG,39,Incoterms
1474,KONG,39,Incoterms
1475,ORDER,39,O
1476,NF,39,O
1477,<QUANTITY>,39,O
1478,<QUANTITY>,39,O
1479,<QUANTITY>,39,O
1480,<QUANTITY>,39,O
1481,WITHIN,39,O
1482,<INCOTERMS>,39,O
1483,HONG,39,Incoterms
1484,KONG,39,Incoterms
1485,ORDER,39,O
1486,NF,39,O
1487,<QUANTITY>,39,O
